周傲英,79ab4df372e9493baa537348fe44ab9f
董启文,db01d84f917b4455906429e52af413dc
毛嘉莉,9d5011f378634ef79890b8ef94c825cd
高明,4fa063904ba2427d873865c23d7ee4cc
张蓉,6332764ee35f4d5f8929d21d13186c45
张召,ed06943c418f4c0f95de101fd42f57f8
田秀霞,638dc7ef3eb34c3d951556d79ff5d7e6
徐辰,f63f2b2d50ec4381a6c9143f587699d5
胡卉芪,5e7ba155cbea45e6940ceafb639fe7f7
​王晔,b7578baa8b774dfe9c4dfff29e4e0e11
黄定江,94b062fdad3148f593ad927be962ee2d
余海萍,4216a31f247c428184cb7d5c41f1df87
李欣,3ca357cbf3334a9c88417eb7815d6314
翁楚良,d934fa853c7a4ad3ae80865d08ca4822
洪道诚,13f9ed52ed57457f89e3ae63339d4773
王伟,b3d0417cc1a24905b20e22ae0481ed4d
​罗轶凤,b69755cc95594f36abdf456ac3dae889
陆雪松,abb9015b6f824ea797583eb80a8cb771
周烜,e172b791cb55420f98b5ef8f96f024c7
蔡鹏,64aed706062c4e4f865d9ffbf5cc6673
金澈清,2e613bf6fac74f58add6ebdb188b2fe6
钱卫宁,3d4adb1146434d74a77f8747c4507240